{
  "checkpoint_path": "/Users/mohinska/Desktop/LoRA_LA_project/outputs/cola_lora_r4/checkpoint-1070",
  "task": "cola",
  "mode": "lora",
  "rank": 4,
  "accuracy": 0.8063279002876318,
  "precision": 0.8160779537149817,
  "recall": 0.9292649098474342,
  "f1": 0.8690012970168612,
  "trainable_params": 147456,
  "trainable_percent": 0.11815893418359216,
  "gpu_memory_mb": null,
  "throughput_samples_per_sec": 53.99937079349921
}