{
  "checkpoint_path": "/Users/mohinska/Desktop/LoRA_LA_project/outputs/cola_lora_r8/checkpoint-1070",
  "task": "cola",
  "mode": "lora",
  "rank": 8,
  "accuracy": 0.8063279002876318,
  "precision": 0.8215613382899628,
  "recall": 0.9195561719833565,
  "f1": 0.8678010471204188,
  "trainable_params": 294912,
  "trainable_percent": 0.2360389672392365,
  "gpu_memory_mb": null,
  "throughput_samples_per_sec": 50.705952829310725
}