{
  "checkpoint_path": "/Users/mohinska/Desktop/LoRA_LA_project/outputs/cola_lora_r4/checkpoint-535",
  "task": "cola",
  "mode": "lora",
  "rank": 4,
  "accuracy": 0.7890699904122723,
  "precision": 0.7869415807560137,
  "recall": 0.9528432732316228,
  "f1": 0.8619824341279799,
  "trainable_params": 147456,
  "trainable_percent": 0.11815893418359216,
  "gpu_memory_mb": null,
  "throughput_samples_per_sec": 53.330587380346245
}