{
  "checkpoint_path": "/Users/mohinska/Desktop/LoRA_LA_project/outputs/cola_lora_r32/checkpoint-535",
  "task": "cola",
  "mode": "lora",
  "rank": 32,
  "accuracy": 0.7833173537871524,
  "precision": 0.7746947835738068,
  "recall": 0.9680998613037448,
  "f1": 0.8606658446362515,
  "trainable_params": 1179648,
  "trainable_percent": 0.9375171515503158,
  "gpu_memory_mb": null,
  "throughput_samples_per_sec": 53.53615533650947
}