{
  "checkpoint_path": "/Users/mohinska/Desktop/LoRA_LA_project/outputs/cola_lora_r16/checkpoint-535",
  "task": "cola",
  "mode": "lora",
  "rank": 16,
  "accuracy": 0.7746883988494727,
  "precision": 0.7658643326039387,
  "recall": 0.970873786407767,
  "f1": 0.8562691131498471,
  "trainable_params": 589824,
  "trainable_percent": 0.47096627055740414,
  "gpu_memory_mb": null,
  "throughput_samples_per_sec": 52.5138631437534
}