{
  "checkpoint_path": "/Users/mohinska/Desktop/LoRA_LA_project/outputs/cola_lora_r4/checkpoint-1605",
  "task": "cola",
  "mode": "lora",
  "rank": 4,
  "accuracy": 0.8034515819750719,
  "precision": 0.8146341463414634,
  "recall": 0.926490984743412,
  "f1": 0.8669695003244646,
  "trainable_params": 147456,
  "trainable_percent": 0.11815893418359216,
  "gpu_memory_mb": null,
  "throughput_samples_per_sec": 54.94617507891388
}