{
  "checkpoint_path": "/Users/mohinska/Desktop/LoRA_LA_project/outputs/cola_lora_r8/checkpoint-535",
  "task": "cola",
  "mode": "lora",
  "rank": 8,
  "accuracy": 0.7900287631831256,
  "precision": 0.7905092592592593,
  "recall": 0.9472954230235784,
  "f1": 0.8618296529968454,
  "trainable_params": 294912,
  "trainable_percent": 0.2360389672392365,
  "gpu_memory_mb": null,
  "throughput_samples_per_sec": 43.612617121464574
}