{
  "checkpoint_path": "/Users/mohinska/Desktop/LoRA_LA_project/outputs/cola_lora_r32/checkpoint-1070",
  "task": "cola",
  "mode": "lora",
  "rank": 32,
  "accuracy": 0.7976989453499521,
  "precision": 0.8064903846153846,
  "recall": 0.9306518723994452,
  "f1": 0.8641339343206696,
  "trainable_params": 1179648,
  "trainable_percent": 0.9375171515503158,
  "gpu_memory_mb": null,
  "throughput_samples_per_sec": 52.37143934000667
}