{
  "checkpoint_path": "/Users/mohinska/Desktop/LoRA_LA_project/outputs/cola_lora_r8/checkpoint-1605",
  "task": "cola",
  "mode": "lora",
  "rank": 8,
  "accuracy": 0.8053691275167785,
  "precision": 0.8174019607843137,
  "recall": 0.9251040221914009,
  "f1": 0.8679245283018868,
  "trainable_params": 294912,
  "trainable_percent": 0.2360389672392365,
  "gpu_memory_mb": null,
  "throughput_samples_per_sec": 48.694321920910184
}