{
  "checkpoint_path": "/Users/mohinska/Desktop/LoRA_LA_project/outputs/cola_lora_r16/checkpoint-1070",
  "task": "cola",
  "mode": "lora",
  "rank": 16,
  "accuracy": 0.8034515819750719,
  "precision": 0.815403422982885,
  "recall": 0.9251040221914009,
  "f1": 0.866796621182586,
  "trainable_params": 589824,
  "trainable_percent": 0.47096627055740414,
  "gpu_memory_mb": null,
  "throughput_samples_per_sec": 51.262751791793306
}