{
  "checkpoint_path": "/Users/mohinska/Desktop/LoRA_LA_project/outputs/cola_lora_r16/checkpoint-1605",
  "task": "cola",
  "mode": "lora",
  "rank": 16,
  "accuracy": 0.8015340364333653,
  "precision": 0.8134146341463414,
  "recall": 0.9251040221914009,
  "f1": 0.8656716417910447,
  "trainable_params": 589824,
  "trainable_percent": 0.47096627055740414,
  "gpu_memory_mb": null,
  "throughput_samples_per_sec": 49.97134416394419
}