{
  "checkpoint_path": "/Users/mohinska/Desktop/LoRA_LA_project/outputs/cola_lora_r32/checkpoint-1605",
  "task": "cola",
  "mode": "lora",
  "rank": 32,
  "accuracy": 0.8015340364333653,
  "precision": 0.8126520681265207,
  "recall": 0.926490984743412,
  "f1": 0.8658457550226831,
  "trainable_params": 1179648,
  "trainable_percent": 0.9375171515503158,
  "gpu_memory_mb": null,
  "throughput_samples_per_sec": 51.429845516921866
}