{
  "checkpoint_path": "/Users/mohinska/Desktop/LoRA_LA_project/outputs/mrpc_lora_r4/checkpoint-230",
  "task": "mrpc",
  "mode": "lora",
  "rank": 4,
  "accuracy": 0.7745098039215687,
  "precision": 0.7774480712166172,
  "recall": 0.9390681003584229,
  "f1": 0.8506493506493507,
  "trainable_params": 147456,
  "trainable_percent": 0.11815893418359216,
  "gpu_memory_mb": null,
  "throughput_samples_per_sec": 54.50621487209509
}