{
  "checkpoint_path": "/Users/mohinska/Desktop/LoRA_LA_project/outputs/mrpc_lora_r8/checkpoint-230",
  "task": "mrpc",
  "mode": "lora",
  "rank": 8,
  "accuracy": 0.7916666666666666,
  "precision": 0.8089171974522293,
  "recall": 0.910394265232975,
  "f1": 0.8566610455311973,
  "trainable_params": 294912,
  "trainable_percent": 0.2360389672392365,
  "gpu_memory_mb": null,
  "throughput_samples_per_sec": 41.856920412156896
}