{
  "checkpoint_path": "/Users/mohinska/Desktop/LoRA_LA_project/outputs/mrpc_lora_r32/checkpoint-690",
  "task": "mrpc",
  "mode": "lora",
  "rank": 32,
  "accuracy": 0.8406862745098039,
  "precision": 0.8905109489051095,
  "recall": 0.8745519713261649,
  "f1": 0.8824593128390597,
  "trainable_params": 1179648,
  "trainable_percent": 0.9375171515503158,
  "gpu_memory_mb": null,
  "throughput_samples_per_sec": 43.79660350317848
}