{
  "checkpoint_path": "/Users/mohinska/Desktop/LoRA_LA_project/outputs/mrpc_lora_r4/checkpoint-460",
  "task": "mrpc",
  "mode": "lora",
  "rank": 4,
  "accuracy": 0.8259803921568627,
  "precision": 0.8939393939393939,
  "recall": 0.8458781362007168,
  "f1": 0.8692449355432781,
  "trainable_params": 147456,
  "trainable_percent": 0.11815893418359216,
  "gpu_memory_mb": null,
  "throughput_samples_per_sec": 44.338785191472624
}