{
  "checkpoint_path": "/Users/mohinska/Desktop/LoRA_LA_project/outputs/mrpc_lora_r8/checkpoint-690",
  "task": "mrpc",
  "mode": "lora",
  "rank": 8,
  "accuracy": 0.8284313725490197,
  "precision": 0.8827838827838828,
  "recall": 0.8637992831541219,
  "f1": 0.8731884057971014,
  "trainable_params": 294912,
  "trainable_percent": 0.2360389672392365,
  "gpu_memory_mb": null,
  "throughput_samples_per_sec": 52.18246646399391
}