{
  "checkpoint_path": "/Users/mohinska/Desktop/LoRA_LA_project/outputs/mrpc_lora_r32/checkpoint-230",
  "task": "mrpc",
  "mode": "lora",
  "rank": 32,
  "accuracy": 0.7941176470588235,
  "precision": 0.8056426332288401,
  "recall": 0.921146953405018,
  "f1": 0.8595317725752508,
  "trainable_params": 1179648,
  "trainable_percent": 0.9375171515503158,
  "gpu_memory_mb": null,
  "throughput_samples_per_sec": 63.62038371662676
}