{
  "checkpoint_path": "/Users/mohinska/Desktop/LoRA_LA_project/outputs/mrpc_lora_r4/checkpoint-690",
  "task": "mrpc",
  "mode": "lora",
  "rank": 4,
  "accuracy": 0.8455882352941176,
  "precision": 0.8829787234042553,
  "recall": 0.8924731182795699,
  "f1": 0.8877005347593583,
  "trainable_params": 147456,
  "trainable_percent": 0.11815893418359216,
  "gpu_memory_mb": null,
  "throughput_samples_per_sec": 52.60715986925894
}