{
  "checkpoint_path": "/Users/mohinska/Desktop/LoRA_LA_project/outputs/mrpc_lora_r8/checkpoint-460",
  "task": "mrpc",
  "mode": "lora",
  "rank": 8,
  "accuracy": 0.8284313725490197,
  "precision": 0.8884758364312267,
  "recall": 0.8566308243727598,
  "f1": 0.8722627737226277,
  "trainable_params": 294912,
  "trainable_percent": 0.2360389672392365,
  "gpu_memory_mb": null,
  "throughput_samples_per_sec": 47.11526356035813
}