{
  "checkpoint_path": "/Users/mohinska/Desktop/LoRA_LA_project/outputs/mrpc_lora_r16/checkpoint-230",
  "task": "mrpc",
  "mode": "lora",
  "rank": 16,
  "accuracy": 0.7769607843137255,
  "precision": 0.7865853658536586,
  "recall": 0.9247311827956989,
  "f1": 0.8500823723228995,
  "trainable_params": 589824,
  "trainable_percent": 0.47096627055740414,
  "gpu_memory_mb": null,
  "throughput_samples_per_sec": 53.80947970098327
}