{
  "checkpoint_path": "/Users/mohinska/Desktop/LoRA_LA_project/outputs/mrpc_lora_r16/checkpoint-690",
  "task": "mrpc",
  "mode": "lora",
  "rank": 16,
  "accuracy": 0.8480392156862745,
  "precision": 0.8833922261484098,
  "recall": 0.8960573476702509,
  "f1": 0.8896797153024911,
  "trainable_params": 589824,
  "trainable_percent": 0.47096627055740414,
  "gpu_memory_mb": null,
  "throughput_samples_per_sec": 62.26764268824891
}