{
  "checkpoint_path": "/Users/mohinska/Desktop/LoRA_LA_project/outputs/mrpc_lora_r16/checkpoint-460",
  "task": "mrpc",
  "mode": "lora",
  "rank": 16,
  "accuracy": 0.8308823529411765,
  "precision": 0.9007633587786259,
  "recall": 0.8458781362007168,
  "f1": 0.8724584103512015,
  "trainable_params": 589824,
  "trainable_percent": 0.47096627055740414,
  "gpu_memory_mb": null,
  "throughput_samples_per_sec": 64.61258832297912
}