{
  "checkpoint_path": "/Users/mohinska/Desktop/LoRA_LA_project/outputs/sst2_lora_r4/checkpoint-8420",
  "task": "sst2",
  "mode": "lora",
  "rank": 4,
  "accuracy": 0.9334862385321101,
  "precision": 0.9251101321585903,
  "recall": 0.9459459459459459,
  "f1": 0.9354120267260579,
  "trainable_params": 147456,
  "trainable_percent": 0.11815893418359216,
  "gpu_memory_mb": null,
  "throughput_samples_per_sec": 58.70195553072578
}