{
  "checkpoint_path": "/Users/mohinska/Desktop/LoRA_LA_project/outputs/sst2_lora_r4/checkpoint-12630",
  "task": "sst2",
  "mode": "lora",
  "rank": 4,
  "accuracy": 0.9346330275229358,
  "precision": 0.9309576837416481,
  "recall": 0.9414414414414415,
  "f1": 0.9361702127659575,
  "trainable_params": 147456,
  "trainable_percent": 0.11815893418359216,
  "gpu_memory_mb": null,
  "throughput_samples_per_sec": 57.79000968393414
}