{
  "checkpoint_path": "/Users/mohinska/Desktop/LoRA_LA_project/outputs/sst2_lora_r8/checkpoint-12630",
  "task": "sst2",
  "mode": "lora",
  "rank": 8,
  "accuracy": 0.9323394495412844,
  "precision": 0.926829268292683,
  "recall": 0.9414414414414415,
  "f1": 0.9340782122905028,
  "trainable_params": 294912,
  "trainable_percent": 0.2360389672392365,
  "gpu_memory_mb": null,
  "throughput_samples_per_sec": 59.59453641633337
}