{
  "checkpoint_path": "/Users/mohinska/Desktop/LoRA_LA_project/outputs/sst2_lora_r32/checkpoint-8420",
  "task": "sst2",
  "mode": "lora",
  "rank": 32,
  "accuracy": 0.9254587155963303,
  "precision": 0.9092872570194385,
  "recall": 0.9481981981981982,
  "f1": 0.9283351708930541,
  "trainable_params": 1179648,
  "trainable_percent": 0.9375171515503158,
  "gpu_memory_mb": null,
  "throughput_samples_per_sec": 58.97205843885602
}