{
  "checkpoint_path": "/Users/mohinska/Desktop/LoRA_LA_project/outputs/sst2_lora_r8/checkpoint-8420",
  "task": "sst2",
  "mode": "lora",
  "rank": 8,
  "accuracy": 0.930045871559633,
  "precision": 0.9190371991247265,
  "recall": 0.9459459459459459,
  "f1": 0.9322974472807991,
  "trainable_params": 294912,
  "trainable_percent": 0.2360389672392365,
  "gpu_memory_mb": null,
  "throughput_samples_per_sec": 58.50914574268549
}