{
  "checkpoint_path": "/Users/mohinska/Desktop/LoRA_LA_project/outputs/sst2_lora_r32/checkpoint-4210",
  "task": "sst2",
  "mode": "lora",
  "rank": 32,
  "accuracy": 0.926605504587156,
  "precision": 0.9260089686098655,
  "recall": 0.9301801801801802,
  "f1": 0.9280898876404494,
  "trainable_params": 1179648,
  "trainable_percent": 0.9375171515503158,
  "gpu_memory_mb": null,
  "throughput_samples_per_sec": 58.7242990871789
}