{
  "checkpoint_path": "/Users/mohinska/Desktop/LoRA_LA_project/outputs/sst2_lora_r16/checkpoint-4210",
  "task": "sst2",
  "mode": "lora",
  "rank": 16,
  "accuracy": 0.9334862385321101,
  "precision": 0.9308035714285714,
  "recall": 0.9391891891891891,
  "f1": 0.9349775784753364,
  "trainable_params": 589824,
  "trainable_percent": 0.47096627055740414,
  "gpu_memory_mb": null,
  "throughput_samples_per_sec": 57.528687647297566
}