{
  "checkpoint_path": "/Users/mohinska/Desktop/LoRA_LA_project/outputs/sst2_lora_r8/checkpoint-4210",
  "task": "sst2",
  "mode": "lora",
  "rank": 8,
  "accuracy": 0.9277522935779816,
  "precision": 0.9300225733634312,
  "recall": 0.9279279279279279,
  "f1": 0.9289740698985344,
  "trainable_params": 294912,
  "trainable_percent": 0.2360389672392365,
  "gpu_memory_mb": null,
  "throughput_samples_per_sec": 60.08805740209119
}