{
  "checkpoint_path": "/Users/mohinska/Desktop/LoRA_LA_project/outputs/sst2_lora_r4/checkpoint-4210",
  "task": "sst2",
  "mode": "lora",
  "rank": 4,
  "accuracy": 0.9334862385321101,
  "precision": 0.9386363636363636,
  "recall": 0.9301801801801802,
  "f1": 0.9343891402714932,
  "trainable_params": 147456,
  "trainable_percent": 0.11815893418359216,
  "gpu_memory_mb": null,
  "throughput_samples_per_sec": 58.015294459694196
}