{
  "checkpoint_path": "/Users/mohinska/Desktop/LoRA_LA_project/outputs/sst2_lora_r16/checkpoint-8420",
  "task": "sst2",
  "mode": "lora",
  "rank": 16,
  "accuracy": 0.9254587155963303,
  "precision": 0.9075268817204301,
  "recall": 0.9504504504504504,
  "f1": 0.9284928492849285,
  "trainable_params": 589824,
  "trainable_percent": 0.47096627055740414,
  "gpu_memory_mb": null,
  "throughput_samples_per_sec": 59.47451065282368
}