{
  "checkpoint_path": "/Users/mohinska/Desktop/LoRA_LA_project/outputs/sst2_full_r8/checkpoint-8420",
  "task": "sst2",
  "mode": "full",
  "rank": 8,
  "accuracy": 0.5091743119266054,
  "precision": 0.5091743119266054,
  "recall": 1.0,
  "f1": 0.6747720364741642,
  "trainable_params": 124647170,
  "trainable_percent": 100.0,
  "gpu_memory_mb": null,
  "throughput_samples_per_sec": 57.72612526888319
}