{
  "checkpoint_path": "/Users/mohinska/Desktop/LoRA_LA_project/outputs/sst2_lora_r32/checkpoint-12630",
  "task": "sst2",
  "mode": "lora",
  "rank": 32,
  "accuracy": 0.9369266055045872,
  "precision": 0.933184855233853,
  "recall": 0.9436936936936937,
  "f1": 0.9384098544232923,
  "trainable_params": 1179648,
  "trainable_percent": 0.9375171515503158,
  "gpu_memory_mb": null,
  "throughput_samples_per_sec": 59.499717031575656
}